Statement,Keywords
:dizzy::sunflower::herb: You might not see it but am gonna fucking do it :,
smiling_face_with_sunglasses: -...#founditonamazon #amazonfashion #amazondotin,
#amazoninfluencer .Follow : @abdul_zubarti :camera:Follow : @abdul_zubarti .:camera:.Dont forget,
to:.>Double tap if you like and .Comment your thoughts :thought_balloon: .>Share with your friends :,
Virgo:.>Follow me @abdul_zubarti :red_heart:.For more amazing post!:white_heavy_check_mark::,amazondotin amazonfashion amazoninfluencer bekindnessgod explorepageready
rainbow:. .......#trendingfashion #fashionphotoshoot #explorepageready #indianinfluencer,fashionmodelling fashionphotoshoot founditonamazon iblradiance indianinfluencer
#fashionmodelling #bekindnessgod #iblradiance #lifehotoaisihi,lifehotoaisihi trendingfashion
Yes You heard it right... You can have parathas and sandwiches....:green_heart:You should skip fried,
foods though.You body digestion power is strongest during this time...#awifesperspective,awifesperspective
Those were the days.... No Corona No masks.... Add a tone of your favourite color dress and lots of,
fun.....#awifesperspective,awifesperspective
Agree??It happens to me every week... What about you ??..#awifesperspective#photooftheday #call,
#funny #style #flowers #design #yellow #red #hearts #happy #beauty #textpost #beautiful #makeup,
#brokenheart #picoftheday #flower #pretty #black #handmade #hair #pink #funnytext #photography,awifesperspective
:white_medium_star::upside-down_face::white_medium_star::dizzy::love_letter:Tips On How To Take,
Care Of Kids During Season ChangeKeeping your babies safe during the season change is very,
important as thats when they tend to get virals. Season change is my biggest nightmare always,
however this time I am over cautious because of this Pandemic situation. This time my safeguard is,
more as prevention is always better than cure.These are some tips :-1. Keep your child hydrated as it,
helps in regulating the body temperature. So water or soup is best suggested and not juices. And yes,
for infants below 6 months mothers milk is enough so dont give water to them.2. Intake of Vitamin C,
and fibre is very important as it helps build immune system as it acts as a booster in our bodies. And,
"fibre helps in proper functioning of galt. Some vitamin C enriched fruits are lemon, orange, pineapple,",bowtieandlipsticks covid19 gocoronago healthtipsoftheday healthybaby
"papaya, kiwi.You can also squeeze lemon in their meal when they are having dal rice. High fibre food",healthybabyfoodideas healthylifestlye immunitybooster momlife mumbaimoms pandemic
is lentil,precautions preventivemeasures preventivemedicine toddlerlife vitaminc
WANT MORE FOLLOWERS while being home around this time?This is social distancing.Come join,
our community of women who empower other women.:downwards_button:JOIN US IN OUR,
FOLLOW TRAIN NOW!Its quick & easy. Heres how;:keycap_1:Likes this picture..:keycap_2:And head,
over to @ladiesloop follow the page & must follow the instructions under the EXTREME FOLLOW,
LOOP post to start gaining followers......#mamasmegaloopteam0909#socialdistancing #momlife,fitmama hotmessmama instamama ladiesloop0909 letssavetheworld mamablog
#mamablog #washyourhands #mamagirl #mamalife #motherhood #hotmessmama #fitmama,mamablogger mamagirl mamalife mamasmegaloopteam0909 momlife motherdaughter
#instamama #mamablogger #letssavetheworld #singlemother #motherslove #motherdaughter,motherhood motherslove shelterinplace singlemother socialdistancing stayathome
#shelterinplace #stayathome #stayhome #ladiesloop0909,stayhome washyourhands
:double_curly_loop::smiling_face_with_halo: :yellow_heart::four_leaf_clover::dizzy::sparkles:Being a,
"bong I am big time rice lover. With @indiakhaas the recipe of rice turns out to be perfect, I tried out",
veg biryani and it was as per my expectations. The reason @indiakhaas is my choice for rice because,
it posses nuitrients which are important to us.Here are some benefits of XL Basmati Rice - Aged Rice,
#NAME?,
@amazondotin#khaasbasmatirice #indiakhaas #khasrice #khaasrice #basmatirice #basmatiricerecipe,
#indiakhas,basmatirice basmatiricerecipe indiakhaas indiakhas khaasbasmatirice khaasrice khasrice
:pencil:Kal Ho Na Ho :rainbow:...,artiztfeelsep9:rainbow: backpacking bangalorediaries bangalorestreets banglaorevibes
#wanderlust#backpacking#traveller#imisstravelling#bangalorediaries#banglaorevibes#mood#indiangir,exploreindia imisstravelling indianfashionblogger indianfashioninfluencer indiangirltraveller
ltravels#indiangirltraveller#travellingthroughtheworld#exploreindia#indiantraveller#indiantravelblogger,indiangirltravels indianinfluencer indiantravelblogger indiantravelinfluencer indiantraveller
#indiantravelinfluencer#mood#indianfashioninfluencer#indianfashionblogger#oldmemories#kalhonaho,kalhonaho l1k3sby0rgan1c mood mumbaiblogger oldmemories traveller
#indianinfluencer#mumbaiblogger#bangalorestreets#l1k3sby0rgan1c#artiztfeelsep9:rainbow:,travellingthroughtheworld wanderlust
Good food :drooling_face: is all that sweet when shared with friends and family. Happiness is,
homemade. Cooking with love provides food for the soul. At home I serve the kind of food I know the,
story behind..........Stay connected @commitedbirds......#foodie #foodforfoodies #foodielove,familyfood familyfoodie foodforfoodies foodie foodielove foodphotography foodporn
#healthyfood #foodporn #foodphotography #homlyfood #homelyfood #jaipurfoodies,healthyfood homelyfood homlyfood jaipurfoodblogger jaipurfoodie jaipurfoodies
#jaipurfoodblogger #jaipurfoodie #rajasthanifood #familyfood #familyfoodie,rajasthanifood
"Yesterday marks 3 years of my blogging officially , when I decided to change my Instagram handle to",
Diapers & Lipsticks .I remember the night before I wanted to officially announce - I did a lot of thinking,
"of what should the name be. I knew I wanted to write about parenting , my motherhood experiences &",
journey but it was definitely more than that. It was also going to be about me.. about balancing &,
finding myself & my motherhood. .I always had big dreams that I would often make presentations in,
office when I would find time.. Im very grateful for where Ive reached but I have a long long way to,
go.. But.. Im in no rush. I also want to live in the moment.. I also want to make the most out of today,
and slowly work towards my dreams :sparkles:..A #MondayMotivation thought - Never let anyone tell,
you that your dreams are too big.. Anyone.. :fire:..P.S. Really excited about my recent shoot & Rudis,
birthday week ! :star-struck: .#Diapers&Lipsticks :lipstick:.P.C. - @david_freelancer MUA -,diapers&lipsticks mondaymotivation
"Mumma ko bohot baar kehna chaha par keh nahi paayi, but watching #IndiawaaliMaa on",
@sonytvofficial I couldnt stop myself from saying #ThankYouMaa. This show truly encompasses the,
emotions of all our #IndiawaaliMaas! Tune in every Mon to Fri at 8:30 PM and enjoy your evenings,
with your Moms!@sonytvofficial,indiawaalimaa indiawaalimaas! thankyoumaa
A beautiful memory to cherish on #AADITVA first birthday. I tried to peck on her chubby cheeks and,
he smiled. His cute chubby cheeks felt like cottony softI wanted to freeze that moment.It was,
priceless. It was such a precious moment.It was our special moment Where we felt eternal bond. A,
pure bond between parents & child.Share your#softestTouchmoment .I further Tag -,
@mummaslilangel @mitzitup @nimsstylefile @justmommying @banchikabhawnani To share,
their#softesttouchmoment#softesttouch#johnsoncottontouch#choosegentle@johnsonsbabyindia@goti,aaditva choosegentle@johnsonsbabyindia@gotinyste johnsoncottontouch softesttouch
nystep,softesttouchmoment
This is the first time i tried middle parting of my hair otherwise its always side parting. What do you,
guys think it suits me or not?Grow and Glow :glowing_star:Mua- @stylush_unisexsalon #himaniarora,
#lamprobites #blogger #makeup #mua #beauty #influencer #enthusiast #entrepreneur #stylist #diva,beauty blogger blush browneyes diva enthusiast entrepreneur himaniarora influencer
#browneyes #blush #shine #potd #styleinspiration,lamprobites makeup mua potd shine styleinspiration stylist
You are rare and you deserve to be treated like one :dove:Od- @maxfashionindia Accessories-,
@accessorizeindiaofficial Pc- @mainaurmeracamera Edit- @rishabhh.raw Mua- @nottthatbasic,
#himaniarora #lamprobites #blogger #indianblogger #stylist #influencer,blogger himaniarora indianblogger influencer lamprobites stylist
:rainbow::double_curly_loop:Okay now who doesnt have acne ?! Or who has the clearest skin here ?!,
"Thats not me at all, I have crazy acne which I have been dealing with from teenage and also acne",
scars & pigment are quite deep on my cheeks ! I have always shied away from being bare skin,
because of these skin problems. I recently got hold of the much hyped @thedermacoindia AHA BHA,
products. The AHA BHA foaming cleanser is made with glycolic & salicylic acid which help in,
shedding dead skin cells and helps cell turnover. FRUIT AHA skin Revitalizer is made from fruit,
extracts and helps in freeing the skin from blemishes and scars I received these products on the 23,
of august and I have been using it since then and I see a considerable amount of difference in my,acne acnecommunity acnefree acnepositivity acneproblems acneproneskin acnescars
skin. Hoping one day my skin can be shown without a filter or make up ! ........#nofilter #dermaco,august0908tagg bemoreactivee changestolike clashdiljitclash dermaco healdontceal
#healdontceal #acne#bemoreactivee #august0908tagg #lyvdylfy12#clashdiljitclash# #acnescars,lyvdylfy12 maarjacoronaplease ninttysept nofilter oilyskin pigmentation septemberdiariezz
#pigmentation #acnepositivity #acne #acne,shinenrisehigh skincare skincaredaily skincareroutines skinlove skintips
:radio_button:You kaftans are difficult to wear not at all ! Check out this fun video I created and let me,
know which one of the 3 looks you love ! 1.Casual Look 2.Beach Babe 3.Magzine Editorial Look !,
Wearing Tropical print kaftan from @omgeefashionstudio .......#kaftan #kaftandress #howtowear,
#kaftanpremium #kaftanexclusive #kaftanstyling #stylinginspiration #fashionvideo #desiinfluencer,8actprotue aajmangalwarhaii bangalorefashionblogger beaching beachphotoshoot
#bohobraids #boholiving #boholifestyle #boholook #stylinginspo #fashionwear #bohodress,beachshoot besafeinsep bohobraids bohodress boholifestyle boholiving boholook
#boholovers #bangalorefashionblogger #beachshoot #beaching #beachphotoshoot #styling,boholovers delhifashionblogger desiinfluencer fashionvideo fashionwear goodngenuine
#mumbaifashionblogger #delhifashionblogger #ipreview via @preview.app#8actprotue,howtowear ipreview kaftan kaftandress kaftanexclusive kaftanpremium kaftanstyling
#goodngenuine#besafeinsep#aajmangalwarhaii#seventysept,mumbaifashionblogger seventysept styling stylinginspiration stylinginspo
":wavy_dash:We all are working from like since forever, who can say no to snacking + penny is super",
"excited with all of it ! Obviously all of these munchies are all baked, say whaaaat ?! Yaaaas they are",
form @oishiindia ! Love the bundle of joy and have been munching ever since nonstop ! My Mondays,
are better now with so many snacks ! .Also swipe :right_arrow: to check out how I have edited this,alwayseating appleztmzzz bakedwithlove bangaloreblogger bangalorefoodies
picture ! .........#snacks #munchies #love #healthysnacking #snacking #bakedwithlove #chips,bangaloreinfluencer bengaluru bengalurufoodie bengaluru_diaries chips dogsofbark
#onlinedelivery #bangalorefoodies #alwayseating #oishiindia #nammabengaluru #bengaluru,forevershinelikediamond funwithdogs healthysnacking humdwthrsep* indianfoodblogger
#bengalurufoodie #bengaluru_diaries #dogsofbark #bangaloreinfluencer #bangaloreblogger,ipreview likessiixty love monagainactpro mumbaiblogger munchies nammabengaluru
#indianfoodblogger #funwithdogs #mumbaiblogger #appleztmzzz #ipreview via @preview.app,oishiindia onlinedelivery prayerandbliss snacking snacks ufsf12
Just wow. Dglitz Events-Thank you so much for featuring me in your September Issue!,
@vikaskhannagroup is also on the cover! You can get a FREE copy to read as well. :red_heart: Use,
this link to get it. https://www.dglitzevents.com/#featured #feature #magazineshoot #digitalmagazine,
#septembermagazine #featureme #magazinearticle #article #articles #magazinefeature,article articles digitalmagazine feature featured featureme magazinearticle
#magazinefeatures,magazinefeature magazinefeatures magazineshoot septembermagazine
"I was told by a doctor Im low on vitamin B, so Im using these supplements from @zenithnutrition. :",
red_heart: This should get my levels back up really soon! #healthylifesyle #healthyips,
#indiahealthcare #healthyproducts #healthcareindia #zenithnutrition #beautyindia #beautyproduct,beautyindia beautyproduct beautyproducts healthcareindia healthtips healthyips
#beautyproducts #beautyindia #healthtips #stayhealthyandfit,healthylifesyle healthyproducts indiahealthcare stayhealthyandfit zenithnutrition
Still photos of products from my video yesterday! :red_heart: The products are:Chocolite,
ScrubEthiglow Face Wash360 Degree SubscreenHyalugel#beautyproducts #skincareproducts,
#indiaskincare #indianskincare #facecare #dailyskin #dailyskincare #dailybeauty #dailybeautytips,beautycareproducts beautydaily beautyproducts dailybeauty dailybeautytips dailyskin
#beautydaily #beautycareproducts,dailyskincare facecare indianskincare indiaskincare skincareproducts
Smoothies & Coladas for your skin? YAS! All-new gel lotions & crme lotions have just been launched,
"by the 100% cruelty-free and vegan brand, Plum BodyLovin! Theyre silicone-free, light-weight and",
"super hydratin. Best part? Theyre not greasy, AT ALL! Theyve launched 4 variants out of which I have",
"2: - :right_arrow:Plum BodyLovin Tropical Tango Colada (Gel Lotion) - Melony, light-weight hydration -",
Plum :right_arrow:BodyLovin Drivin Me Cherry Smoothie (Crme Lotion) - Cherries in a lotion? Hell,
yeah! My personal favourite is Tropical Tango Colada:red_heart:The gel lotion is perfect for all skin,
"types and the crme lotion is especially fab for dry to super dry skin types! Also, they smell YUM! Shop",aplumpartnership bath&body bodycare bodylotion bodypositivity indianblogger
these beauties today www.plumgoodness.com #APlumPartnership #Vocalforlocal #Newlaunch,indianinfluencer indianlifestyleblogger judgementfree loveeveryinch mumbaiblogger
#PlumBodyLovin #JudgementFree #LoveEveryInch #BodyLotion #BodyPositivity #Bath&Body,mumbaiinfluencer mumbailifestyleblogger mumbaiskincareblogger myfavoritethings
#BodyCare #PlumGoodness #opareviews,newlaunch opagirl opareviews plumbodylovin plumgoodness skincarebloggerindia
#opagirl#indianinfluencer#mumbaiinfluencer#indianblogger#mumbaiblogger#indianlifestyleblogg,socialmediainfluencer vocalforlocal
Beach mode = ON :desert_island: :smiling_face_with_sunglasses:If we got a dollar for every time,
"someone body shamed us, we would all be billionaires!:sparkles:And @plumbodylovin is set out to",
"negate all of this body shaming, with loads of love, sass, and body positivity!With their 100% vegan",
"and #JudgementFree line of fun bath & body products, it aims to make you love every inch of your",
"fab-bod!:red_heart:This Indian brand, has launched 5 shower gels, 4 body lotions and 3 body mists so",
far and I have 2 out of those 12 products with me today. 1. Hawaiian Rumba Shower Gel2. Hawaiian,
Rumba body mistShop your picks of this Indian brand at www.plumgoodness.com@plumbodylovin,
@plumgoodness :two_hearts:Use my referral code WY62EQ or my referral link and get 10% off for,bathandbody beach bodycare bodylovinsquad bodymist crueltyfree getbubblin getspritzin
you first order! Tap on the link in my bio :winking_face:......#vocalforlocal #hugyourfabbod,goodvibes hawaiianrumba hugyourfabbod hyderabad hyderabadfashionblogger
#loveeveryinch #judgementfree #bodylovinsquad #PlumBodyLovin #plumgoodness #beach #love,ilovemybody judgementfree love loveeveryinch nastiesfree phthalatefree plumbodylovin
#hyderabad #sulphatefree #bodycare #goodvibes #,plumgoodness showergel sulphatefree toxinfree toxinfreeskincare vocalforlocal
Are you a beach bae? :spiral_shell: Beach at home @ Rs. 699 ONLY? YAS PLEASE! :,
smiling_face_with_sunglasses:@plumgoodness @plumbodylovin :two_hearts:You can now,
experience bubblin & spritzin on the beaches of Hawaii right at home with plum Hawaiian Rumba,
shower gel & body mist! :palm_tree:Get a shower gel + a body mist for Rs. 699 ONLY! :,
smiling_face_with_heart-eyes:You also get a FREE Oh-So-Natural Loofah! Hurry up now!!!!Use my,bathandbody beach bodycare bodylovinsquad bodymist crueltyfree getbubblin getspritzin
referral code WY62EQ or my referral link and get 10% off for you first order! Tap on the link in my bio :,goodlife goodvibes hawaii hawaiianrumba hyderabad hyderabadfashionblogger
"winking_face:So, are you bringin the beach home today?:two_hearts:..#loveeveryinch #judgementfree",ilovemybody judgementfree love loveeveryinch nastiesfree phthalatefree plumbodylovin
#bodylovinsquad #PlumBodyLovin #plumgoodness #beach #love :cherry_blossom:,plumgoodness showergel sulphatefree toxinfree toxinfreeskincare
A happy evening walk to the paradise :sparkles:,
________________________________________________________ P.s who doesnt love walking in,
good weather :pleading_face: #fashion #lifestyle #ootd #outfitoftheday #blogger #instagram #igers,blogger brooklyn desiinfluencer fashion igers instagram lifestyle newyork newyorkblogger
#photooftheday #brooklyn #newyork #newyorkblogger #usa #desiInfluencer #theglamorouschic,ootd outfitoftheday photooftheday theglamorouschic usa
Just casually chilling like bosses :hundred_points:P.s: and giving you some major All black outfit,
Vibes:heavy_check_mark:Look breakdown:Me: jumpsuit @stalkbuylove Shoes: @coach Him: top to,
bottom: @ripndip Shoes: @coach __________________________________________#fashion,
#lifestyle #lifestyleblog #ootd #blackoutfit #outfitinspiration #photooftheday #couples #coupleshot,blackoutfit blogger brooklyn couples coupleshot fashion instagram lifestyle lifestyleblog
#blogger #instagram #stylist #newyork #brooklyn #outfitinspo #theglamorouschic #nyc #usa,newyork nyc ootd outfitinspiration outfitinspo photooftheday stylist theglamorouschic usa
"Just came across this amazing video by @greatlearningofficialAs a working mother and blogger, I",
"keep learning to achieve my goals.If you have dreams, start learning today because Jo Seekhta Hai,",
Wahi Aage Badhta hai. #PowerAhead,powerahead
Superrr excited to takeover @middayindia on 10th Sept at 6pm!! Anddd guess what were discussing--,
"my journey on @mominthebay, as well as #momlife and everything about parenting!! Im really",
"thankful for this, because during these boring times, this platform and you guys are the reason I have",
something exciting to look forward to sooo often! :smiling_face_with_3_hearts::purple_heart: So,
THANK YOU guys! :smiling_face_with_3_hearts::smiling_face_with_3_hearts::,
"smiling_face_with_3_hearts: #Gratitude #live #midday..Also totally loving my new hair, now when I",
look at this pic:face_with_tears_of_joy::face_with_tears_of_joy::face_with_tears_of_joy:,
#knowwhatimean,gratitude knowwhatimean live midday..also momlife
Motherhood: All love begins and ends there.What you think guys :smiling_face_with_smiling_eyes:,
#KaramheePujahai,karamheepujahai
"#SoftestTouch #Cottontouch Hey Mommies, Do you remember the magical moment when you first",
got to touch your babys soft skin? Wasnt it the #SoftestTouch you ever experienced? That feeling just,
"cant be described in words!! Of all the things I have touched before, the best and softest touch by far",
"is of my baby:smiling_face_with_3_hearts: Moms, share your #SoftestTouch experience, and tell us",
how did you feel when you touched your babys soft skin! #SoftestTouch #Choosegentle,
#Cottontouch,choosegentle cottontouch softesttouch
"Hello friends , I recently tried Manna - No.1 Multigrain new Health drink in the market and was very",
"impressed. It is full of nutrition , palatable taste and very little sugar which fulfills my requirements. In",
"one sentence I can say its a truly Indian health drink, made of ancient Indian grains.It has real",
nutrition :smiling_face_with_smiling_eyes:Manna Go Grains contains 7 grains. It has the goodness of,
"Millets like Bajra, Ragi & Jowar. Cereals and pulses like Bengal gram , barley and wheat. It makes it",
"one of the most unique drinks in the market today.It is the best Instant Drink - Scoop, Sip, Stir. Add",
"two heaped teaspoons to warm milk and serve.- Yummy , choclaty flavour.It also Contains 7 Immunity",
"builders like Zinc, Vitamin C, A &E, Copper. One glass provides 33% of Daily Requirement for your",
child. What are you waiting then.. try out and tell me in comment section .. What kind of drink u like .:,gograins growth gurgaonmoms healthdrink immunity kidsnutrition manna mannafoods
thumbs_up: @mannafoodsindia @mannafoodsofficial@gurgaonmomsAvailable at Amazo,momsurecan momsword:white_heavy_check_mark::white_h multigrain weightgain
Everything about a new born baby is so beautiful .. their smile .. their smell and most important their,
skin. Thanks @johnsonsbabyindia for reminding me all this .. further tagging @sumitakapoor14003,
@racdevradar @new_momintown @mumzcub @raising_2_munchkins to share your softest touch,
moment#SoftestTouch#CHOOSEgentle#cottontouch,choosegentle cottontouch softesttouch
Flowers are a proud assertion that a ray of beauty out values all the utilities in the world :hibiscus::,
rose:#Throwback #SelectCityWalk #SCW #Saket #Fiorella #FiorellaIndia ..#LoveForPosing #OOTD,
#MOTD #SelfMusing #Poser #InstaClicks #InstaLove #InstaPic #InstaShot #PosingIsFun,blogger bloggersofinstagram bloggerstyle fiorella fiorellaindia goodvibes ig igdaily
#BloggersOfInstagram #BloggerStyle #Blogger #GoodVibes #InstaHappy #InstaVibes #PicOfTheDay,instaclicks instahappy instalove instapic instashot instavibes lookoftheday loveforposing
#LookOfTheDay #IG #IGDaily,motd ootd picoftheday poser posingisfun saket scw selectcitywalk selfmusing throwback
Bright and beautiful (Of course the lights):winking_face::camera_with_flash:#Throwback,
#SelectCityWalk #SCW #Saket ..#LoveForPosing #OOTD #MOTD #SelfMusing #Poser #InstaClicks,blogger bloggersofinstagram bloggerstyle goodvibes ig igdaily instaclicks instahappy
#InstaLove #InstaPic #InstaShot #PosingIsFun #BloggersOfInstagram #BloggerStyle #Blogger,instalove instapic instashot instavibes lookoftheday loveforposing motd ootd picoftheday
#GoodVibes #InstaHappy #InstaVibes #PicOfTheDay #LookOfTheDay #IG #IGDaily,poser posingisfun saket scw selectcitywalk selfmusing throwback
Be calm and poised just like the sea and the mysterious night sky :star-struck::camera_with_flash:,
#MajorThrowback #GoaMemories ..#LoveForPosing #OOTD #MOTD #SelfMusing #Poser,blogger bloggersofinstagram bloggerstyle delhiblogger goamemories goodvibes ig igdaily
#InstaClicks #InstaLove #InstaPic #InstaShot #BloggersOfInstagram #BloggerStyle #Blogger,instaclicks instahappy instalove instapic instashot instavibes lookoftheday loveforposing
#DelhiBlogger #TravelPhotography #TravelDiaries #GoodVibes #InstaHappy #InstaVibes,majorthrowback motd ootd poser selfmusing traveldiaries travelphotography
#VideoOfTheDay #LookOfTheDay #IG #IGDaily,videooftheday
From hoodie weather to ice cream weather in less than a week! Mother Nature what are you upto? :,
cloud_with_rain::cold_face::hot_face::camera_with_flash: : @ridgefernandes#icecream #icecreams,bloggersofindia bloggersofinstagram bmiblog food fotd icecream icecreamlove
#icecreamlove #food #icecreamtime #icecreamlover #icecreamlovers #icelollies #love #fotd #motd,icecreamlover icecreamlovers icecreams icecreamtime icelollies igicecream
#pinklips #portraitphotography #portrait #pursuitofportraits #mumbaiportraits #bloggersofinstagram,indianmomblogger indianmombloggerstribe indianmommyblogger instaicecream love
#bloggersofindia #igicecream #instaicecream #stunning #bmiblog #momblogger #mommyblogger,momblogger mommyblogger motd mumbaiportraits pinklips portrait portraitphotography
#indianmomblogger #indianmommyblogger #indianmombloggerstribe,pursuitofportraits stunning
Keep watching... :winking_face: ....#fashion #fashionblogger #fashionstyle #instafashion #styleinspo,
#styleblogger #styleoftheday #stylesubmit #makeupartist #outfitinspiration #outfitoftheday #outfitstyle,athomewithhm cinemazara cosmostreetstyle desiinfluencer fashion fashionblogger
#streetstyle #streetstylefashion #streetstyleluxe #laparisiennestylee #minimalistcomfort,fashionstyle hm hmstudioss20 hmxme instafashion laparisiennestylee makeupartist
#athomewithhm #hmstudioss20 #theparisianchique #cinemazara #minimalstreetstyle,minimalistcomfort minimalstreetstyle ootdbloggers outfitinspiration outfitoftheday outfitstyle
#cosmostreetstyle #zarawoman #hm #hmxme #ootdbloggers #streetstyledelhi #DesiInfluencer,sakhikapur streetstyle streetstyledelhi streetstylefashion streetstyleluxe styleblogger
#sakhikapur,styleinspo styleoftheday stylesubmit theparisianchique zarawoman
It was a bow in my hair kinda day :ribbon::two_hearts:....#makeup #makeupartist #makeuptutorial,
#makeuplover #makeupjunkie #professionalmakeupartist #popxobeauty #missmalinibeauty,artistsoninstagram beautybloggers beautycommunity beautyroutine beautytipsandtricks
#farsalicare #artistsoninstagram #makeupbyme #hudabeauties #sephoragirls #nykaabeauty,desiinfluencer farsalicare hudabeauties makeup makeupartist makeupbyme
#beautyroutine #beautycommunity #beautytipsandtricks #beautybloggers #DesiInfluencer,makeupbysakhikapur makeupjunkie makeuplover makeuptutorial missmalinibeauty
#makeupbysakhikapur #sakhikapur,nykaabeauty popxobeauty professionalmakeupartist sakhikapur sephoragirls
Two things Ive been obsessed with : books and scents ....Im enjoying collecting coffee table books,
"and experiencing different scents these past few months, especially :two_hearts::two_hearts:..Also,",
Im vlogging this weekend and Im soooo excited :woman_dancing_medium-light_skin_tone::,
woman_dancing_medium-light_skin_tone:...#coffeetabledecor #coffeetablebooks #victoriabeckham,coffeetablebooks coffeetabledecor narciso narcisorodriguez sakhikapur victoriabeckham
#voguemagazine #vogue #vogueindia #narcisorodriguez #narciso #sakhikapur,vogue vogueindia voguemagazine
liquid lip kinda day :kiss_mark:....#makeup #makeupartist #makeuptutorial #makeuplover,
#makeupjunkie #professionalmakeupartist #popxobeauty #missmalinibeauty #farsalicare,artistsoninstagram beautybloggers beautycommunity beautyroutine beautytipsandtricks
#artistsoninstagram #makeupbyme #hudabeauties #sephoragirls #nykaabeauty #beautyroutine,desiinfluencer farsalicare hudabeauties makeup makeupartist makeupbyme
#beautycommunity #beautytipsandtricks #beautybloggers #DesiInfluencer #makeupbysakhikapur,makeupbysakhikapur makeupjunkie makeuplover makeuptutorial missmalinibeauty
#sakhikapur,nykaabeauty popxobeauty professionalmakeupartist sakhikapur sephoragirls
Good morning loves :two_hearts:.... #fashion #fashionblogger #fashionstyle #instafashion #styleinspo,cosmostreetstyle desiinfluencer fashion fashionblogger fashionstyle instafashion
#styleblogger #styleoftheday #stylesubmit #makeupartist #outfitinspiration #outfitoftheday #outfitstyle,laparisiennestylee lifestyle makeupartist minimalistcomfort minimalstreetstyle ootdbloggers
#lifestyle #streetstyle #streetstylefashion #streetstyleluxe #laparisiennestylee #minimalistcomfort,outfitinspiration outfitoftheday outfitstyle sakhikapur streetstyle streetstyledelhi
#theparisianchique #minimalstreetstyle #cosmostreetstyle #ootdbloggers #streetstyledelhi,streetstylefashion streetstyleluxe styleblogger styleinspo styleoftheday stylesubmit
#DesiInfluencer #sakhikapur,theparisianchique
Summer whites ... .....#fashion #fashionblogger #fashionstyle #instafashion #styleinspo #styleblogger,cosmostreetstyle desiinfluencer fashion fashionblogger fashionstyle instafashion
#styleoftheday #stylesubmit #makeupartist #outfitinspiration #outfitoftheday #outfitstyle #lifestyle,laparisiennestylee lifestyle makeupartist minimalistcomfort minimalstreetstyle ootdbloggers
#streetstyle #streetstylefashion #streetstyleluxe #laparisiennestylee #minimalistcomfort,outfitinspiration outfitoftheday outfitstyle sakhikapur streetstyle streetstyledelhi
#theparisianchique #minimalstreetstyle #cosmostreetstyle #ootdbloggers #streetstyledelhi,streetstylefashion streetstyleluxe styleblogger styleinspo styleoftheday stylesubmit
#DesiInfluencer #sakhikapur,theparisianchique
Elegance is when the inside is as beautiful as the outside :black_heart:- Coco Chanel....#fashion,
#fashionblogger #fashionstyle #instafashion #styleinspo #styleblogger #styleoftheday #stylesubmit,cosmostreetstyle desiinfluencer fashion fashionblogger fashionstyle gucci guccibelt
#makeupartist #outfitinspiration #outfitoftheday #outfitstyle #lifestyle #streetstyle #streetstylefashion,instafashion laparisiennestylee lifestyle makeupartist minimalistcomfort minimalstreetstyle
#streetstyleluxe #laparisiennestylee #minimalistcomfort #theparisianchique #minimalstreetstyle,ootdbloggers outfitinspiration outfitoftheday outfitstyle sakhikapur streetstyle
#cosmostreetstyle #ootdbloggers #streetstyledelhi #guccibelt #gucci #zara #zaradress #zarawoman,streetstyledelhi streetstylefashion streetstyleluxe styleblogger styleinspo styleoftheday
#DesiInfluencer #sakhikapur,stylesubmit theparisianchique zara zaradress zarawoman
Any guesses what these three musketeers are up to?:smiling_face_with_heart-eyes::,
smiling_face_with_sunglasses::smiling_face_with_heart-eyes: .One of our touchwood wali pictures!:,
face_blowing_a_kiss: Life is getting busier day by day but creating a balance between home life and,
work is always on my mind. I never compromise:person_tipping_hand_light_skin_tone::female_sign:,
in spending a good time with my kiddos because this is how the connection between a mum and her,
"kids, flourishes!:rainbow: When you have fun with your kids it creates a pious bond :red_heart:",
"between you and them that helps them to grow and helps you to understand them better! .Believe me,",
"when Im around my little lads, life seems to be so easy going & filled with love and fondness.:",delhimoms delhiparentinginfluencer delhiparents fitness fitnessmom happyfamily igfamily
"hugging_face: Listening to their laughter, :face_with_tears_of_joy: seeing them playing:abacus::",indianfamily indianmomblogger indianmoms indianparentinginfluencer lifestyle
"memo: and messing:zany_face: around makes me wonder about how quickly time flies, isnt it? We all",luxurylifestyle mentalhealth mytwolittlefeet nwlkembu parenting shivangigoel stayhappy
"mother do think this way, I guess?:thinking_fa",vyomavrom yogini
"Hey, peeps heres an interesting read for all the moms out there who wanna know about my fitness",
"transformation. :smiling_face::smiling_face:.Tried to assemble my thoughts on my fitness journey, and",
how did it really start? :smiling_face_with_3_hearts:.Read and let me know how did you find it?:,
open_hands:..Direct link in my BIO. ..#indianblogger #blogpage #shivangigoel #Mytwolittlefeet,
#indiancreator #indianmombloggers #indianfitnessblogger #indianlifestylebloggers #delhimoms,blogpage delhimombloggers delhimoms fitness indianblogger indiancreator
#delhimombloggers #indianyoga #yogimom #fitness #lifestyle #momhood #momblog #website,indianfitnessblogger indianlifestylebloggers indianmombloggers indianyoga lifestyle
#newlook,momblog momhood mytwolittlefeet newlook shivangigoel website yogimom
"As I promised before, Ive been using @niveaindia Deo Milk products since couple of days and it has",
solved all my underarm problems. The Milk essence is very nourishing and the premium fragrance,
keeps me fresh all day. Its one application keeps me odour free and fresh all day long. Avail 20% off,
using my coupon code - DEOMILK286 or head to my link in the bio (Valid till 14th September on,
Nykaa)#NiveaForYou #NIVEADeoMilk #MadeToCare #niveagiveaway#niveaindia #giveawayindia,bloggersofindia contestalert couponcode delhifashionblogger discount fashionblogger
#niveacreme #contestalert #indiangiveaway #nykaa #nykaabeauty #nivea #discount #couponcode,fashionstyle giveawayindia indiangiveaway indianinfluencer madetocare
#sale #fashionblogger #fashionstyle #indianinfluencer #mumbaifashionblogger #delhifashionblogger,mumbaifashionblogger nivea niveacreme niveadeomilk niveaforyou niveagiveaway
#bloggersofindia,niveaindia nykaa nykaabeauty sale
Uh huh honey:heart_with_arrow::sparkles:#izzyhipster #makeuplook #punefashionblogger,
#indianblogger #puneblogger #bornoninstagram,bornoninstagram indianblogger izzyhipster makeuplook puneblogger punefashionblogger
Im mad @ Disney :high_voltage:..IB: @itsbybrandonSong by: @salemilese ..#izzyhipster,
#punefashionblogger #puneblogger #bornoninstagram #makeupchallenge #makeuplook,bornoninstagram disney izzyhipster makeupaddict makeupchallenge makeuplook
#makeuplook #makeuptutorial #disney#makeuptrends#makeupaddict,makeuptrends makeuptutorial puneblogger punefashionblogger
The New talk of the Town. #ViIsHere and Get some fun with the cool #ViFilter,
@viofficialfanworld#happybdayandy10sept#septloveig#sokd12 #glabra1#easypeasy4#10Sep20Gag,10sep20gag easypeasy4 glabra1 happybdayandy10sept septloveig sokd12 vifilter viishere
I received super amazing portable blender. This blender is a powerhouse.! Blender packs a punch for,
my chocolate:chocolate_bar: smoothie:sake:.! Love the gorgeous design & portability. Its really,
amazing for blending my smoothies in a matter of minutes. It even crushes the ice. No power cord,
required. Totally wireless with a micro USB port. Charge it once and you are good to go for 10+,
"blends. Highly recommended!You can also make your own smoothies, protein drink, and cocktail at",
"home and every where.! Grab this amazing product, you can use my discount code :- sumitakapoor",
12.@blendjet @jenselter ...#BlendJet #BlendJetAmbassador#smoothie #delhimomblogger,blendjet blendjetambassador delhimomblogger himyogdec:clinking_glasses:
#seouv1020 #himyogdec:clinking_glasses:#saisatdy10thsep,saisatdy10thsep seouv1020 smoothie
Do you get annoyed when movie night is interrupted by the kitchen? ChefBoss will make sure you,
dont miss a single scene of your movie and keep everyone happy with rivetingly tasty dishes:,
spaghetti: under 15 minutes all in the comfort of your :house_with_garden: home!:,
backhand_index_pointing_right_light_skin_tone:Use @chefbossindia products to steal that extra time:,
alarm_clock: and retain the authentic taste of your favourite dishes :shallow_pan_of_food::,
backhand_index_pointing_right_light_skin_tone:Do you want to feature on the ChefBoss Instagram,
Page? Use the #IamChefBoss and share your favourite dishes using any of the 8 ChefBoss products.:,
backhand_index_pointing_right_light_skin_tone:Follow 3 simple steps to be a part of #IamChefBoss,
contest:camera:Take a picture/video of the dish along with ChefBoss Pack:camera:Post it on your,
feed and tag @chefbossindia using contest hashtag #IamChefBoss100 Exciting prizes:wrapped_gift:,
up for grabs for Best Creative and Engaging dish:bowl_with_sp,iamchefboss iamchefboss100
:collision:Every big things have small beginning. Lets plant:seedling: small and grow big.This Cute,
Little family:man::woman::boy::boy: of five Pots from @thedecorshed is a perfect decorative for your,
beautiful plant:herb:. These pots are an ideal piece for your home as they are perfect for indoor or,
"outdoor use.Thes pots can be used as a mini pot for succulents, flower:wilted_flower: plants, bonsai",
"plant, cactus plant:cactus:, air plant, mini artificial flowers, even as pen/pencil container and to table",
"top / desktop ornaments etc.These Cute, Fancy, Stylish Planters:camping: are made of poly resin,",
"which are durable. These planter pots are carved:green_heart: with impressive colors, designs and",
styles that have the ability to give your home a new appeal. Resin pots are breathable and good for,8actprotue addkrojldi0802 august0908tagg beautifulday20207 delhimomblogger
your plants to grow.Its an ideal and unique gifting option. Delightfully adorable planters:maple_leaf:,greenryeverywhere:green_heart: iplin11days likeactemoji lyvdylfy12 mommyblogger
from @thedecorshed is positive and eco-friendly gift Item for any nature or gardening enthusi,planterreview plantlover podinslke8sep20 rauwolfia1 resinplanter seventysept succlents
"No elegance is perfect without your main essentials, especially when they are paired with beautiful",
"handmade shell mirror :purple_heart: (Got the mirror from Kerala handcraft store,tap for other details)",
#flatlaybyombre .........#flatlay #flatlaystyle #aesthetic #trending #lilac #feed #inspiration #bloggerstyle,aesthetic bangaloreblogger bangaloreinfluencers beauty beautyinfluencer blogger
#bangaloreblogger #mirror #bobbiebrown #jomalone #perfume #beauty #blogger #contentcreator,bloggerstyle bobbiebrown boldandbeautiful contentcreator feed flatlay flatlaybyombre
#moodygrams #beautyinfluencer #handmadejewelry #vintagestyle #flatlayphotography,flatlayoftheday flatlayphotography flatlaystyle goldenhour handmadejewelry inspiration
#flatlayoftheday #boldandbeautiful #positivity #vogue #inspire #goldenhour #bangaloreinfluencers,inspire jomalone lilac luxurylifestyle mirror moodygrams perfume positivity trending
#luxurylifestyle,vintagestyle vogue
:growing_heart:INSTAGRAM LIVE ON MY PAGE @ 18th SEPT. 8pm!!:growing_heart:Join us and,
Win Free Passes worth 2000 for 1 Stronger You Workshop - 1 Personal Session (2 Winners will be,
Announced)1. Like the Post2.Follow:@soultherapywithharleenbagga and @the_fashionista_club3.,
Tag 4 friends on this post and make sure they are following both the accounts.4. Share this post as,
your story and tag @soultherapywithharleenbagga and @the_fashionista_club 5. We will announce,
the Giveaway Result Sep 18th 12pm IST :blossom:Stay Tuned!:blossom:#GiveawayAlert #Giveaway,apphony collaboration competition contest contestalert emotionalwellness
#Contest #Giveaways #GiveawayTime #GiveawayIndia #Competition #GiveawayContest,gettinganswerswithharleenbagga giveaway giveawayalert giveawaycontest giveawayindia
#InstagramGiveaway #TodaysGiveaways #GiveawaysOfInstagram #Repost #ContestAlert,giveaways giveawaysofinstagram giveawaytime gratitude instagramgiveaway jayadange
#jayadange #punefashionblogger #gratitude#collaboration #participatenow #participate,lifecoaching lifecoachingwithharleenbagga participate participatenow
#lifecoaching#LifecoachingwithHarleenBagga#relationshipAdvicewithHarleenBagga#gettinganswersw,personalgrowthwithharleenbagga psychotherapist punefashionblogger
ithHarleenBagga#personalgrowthwithHarleenBagga#psychotherapist#soultherapywithharleenbagga#,relationshipadvicewithharleenbagga repost soultherapy soultherapywithharleenbagga
soultherapy#e,todaysgiveaways youmatter
:crown:Trinket Tuesday:crown: these ethnic beauties from @rubansaccessories rock this off-shoulder,
top! Dont you agree? :grinning_face_with_big_eyes: I love this type of styling.:crown:Whats your,
favorite styling hack? Comment below & let me know :smiling_face_with_smiling_eyes::crown:,
Jewellery gifted to me on my birthday by my thoughtful bestie @bhat1987 :growing_heart::,
"growing_heart:.Follow @the_fashionista_club for daily skin care, beauty & fashion tips. Check out my",
Reels series on different oils & their beauty benefits!.#jayadange #punefashionblogger #quarentinelife,
#exploreme #creativeportraits #eyesspeak #selfobsession #beingyourself #justbeyou #becrazy,becrazy beingyourself castlrop classyoutfit creativeportraits diyprojects exploreme
#styledaily #minimalstyle #stylegram #classyoutfit #outfitblog #diyprojects #fashionshoot,eyesspeak fashioncreator fashionshoot fashiontherapy inspiringoutfit jayadange justbeyou
#portraitzoom #urbanstreetwear #fashiontherapy #fashioncreator #inspiringoutfit #momentsofchic,minimalstyle momentsofchic outfitblog portraitzoom punefashionblogger quarentinelife
#stylehunters #rubansaccessories #castlrop,rubansaccessories selfobsession styledaily stylegram stylehunters urbanstreetwear
:blossom:Coffee Beans Scrub:blossom: & :blossom:Dead Sea Mud Face Pack:blossom: from,
@silktreeindia This is a match made in heaven!:blossom: coffee beans are packed with antioxidants,
"that reverse the effects of sun damage & free radicals. It also aids in the repair of skin tissues, which",
is important for the regrowth of new cells. The result - bright glowing skin!:blossom: Dead sea salt,
"effectively repairs damaged cells, stimulates blood curculation and soothes & detoxifies the skin.",
Dead sea salts also have an oxygenating effect due to which they polish the skin to make it more,
"youthful & radiant!!What more can you ask for in your weekly skin care routine!!Also, @silktreeindia",
has an entire range of beauty products with natural ingredients for the best prices!! Do check them,
out!:blossom:Use my discount code jaya to avail a flat 10% of on your orders on a minimum purchase,beautybloggers beautyproducts buybetter castlrop coffeebeauty coffeescrub deadseamud
"of Rs.300.Follow @the_fashionista_club for daily skin care, beauty & fashion tips. Check out my",deadseasalt jayadange silktreeindia skincarebloggers skincareroutines slowbeauty
Reels series on di,sustainablebeauty weeklyskincare
"Smile as often as you can, itll be better soon, smile for that hope in you :sparkles: .......#picsart",
#poetrybyme @poemsporn_ @poemsvibe @poets @poetsandwriters @delhipoetryslam ..,asianfashionblogger asianfashionista asianfashionmodel bangalorebloggers
#mumbaifashionblogger #mumbaibloggers #mumbaibloggers #delhiblogger #hyderabadblogger,bangalorefashionblogger bangaloreinfluencer bossbabe delhiblogger delhibloggers
#hyderabadbloggers #bangalorefashionblogger #bangaloreinfluencer #bangalorebloggers,delhifashionblog delhifashionblogger delhifashioninfluencer delhiinfluencer fashionista
#delhibloggers #delhifashionblogger #delhifashionblog #kolkatafashionblogger #kolkatabloggers,fromscribblestowriting hyderabadblogger hyderabadbloggers indianfashionblogger
#kolkatastyleblogger #indianfashionblogger #asianfashionblogger #asianfashionmodel,indianfashionsquad kolkatabloggers kolkatafashionblogger kolkatastyleblogger
#asianfashionista #delhiinfluencer #indianfashionsquad #spilledinkpoetry #fashionista #picsart,mumbaibloggers mumbaifashionblogger picsart poetrybyme punjabfashionblogger
#bossbabe #punjabimodel #punjabfashionblogger #delhifashioninfluencer #fromscribblestowriting,punjabimodel spilledinkpoetry
Feather Touch gives you a beautiful feather like hair removal experience. It is specially fomrulated to,
"remove hair safely and sensitively from its roots. It leaves the skin clear, moisturised and feather soft.",
Its natural ingredinets provide the aditonal benefits of clearer looking skin.You should definitely try this,
gem of a product from @vijohnwomenfeathertouch :white_heart:........,
#delhifashionblogger#delhifashion #delhiblogger #delhi #chandigarhfashionbloggers #chandigarhmein,blackdress chandigarh chandigarhblogger chandigarhclubs chandigarhfashionblogger
#chandigarhfashionblogger #chandigarh #chandigarhblogger #mumbaifashionbloggers,chandigarhfashionbloggers chandigarhgirls chandigarhmein chandigarh_diaries
#mumbaiblogger #mumbaibloggers #mumbaifashionblogger #punefashionblogger,chennaifashionblogger delhi delhiblogger delhifashion delhifashionblogger delhistreet
#kolkatafashionblogger #chennaifashionblogger #fashionbloggerindia #indianfashionbloggers,fashionblog fashionbloggerindia fashioninfluencer india indianfashionblogger
#indianfashionblogger #styleblogger #fashioninfluencer #fashionblog #blackdress,indianfashionbloggers kolkatafashionblogger mumbaiblogger mumbaibloggers
#chandigarh_diaries #chandigarhclubs #delhistreet #mumbaiclicks #mumbaimakeup #india,mumbaiclicks mumbaifashionblogger mumbaifashionbloggers mumbaimakeup
#chandigarhgirls,punefashionblogger styleblogger
:dizzy::sparkles:Work has got your energy down? ChefBoss is here to help you get your energy levels,
up back in a jiffy at home! Enjoy delicious dishes in under 15 minutes explore a wide range of,
products from ChefBoss and use @chefbossindia products to retain the authentic taste of your,
favourite dishes :shallow_pan_of_food:Let your culinary skills be the talk of the town! 100 exciting,
"prizes are up for grabs and all you have to do it cook, click and tag usYou can now order ChefBoss",
"range of cooking sauces, pastes & gravies of your choice!Follow 3 simple steps to be a part of",
#IamChefBoss contestTake a picture/video of the dish along with ChefBoss PackPost it on your feed,
and tag @chefbossindia using contest hashtag #IamChefBoss100 Exciting prizes up for grabs for,
"Best Creative and Engaging dishOrder any ChefBoss product from Flipkart, Amazon, Grofers or",
Milkbasket and Dont forget contest valid till 20th Sep only...........#healthyywealthyywisee,artiztfeelsep9:rainbow: august0908tagg gl0wingsept009 healthyywealthyywisee
#august0908tagg #l1k3sby0rgan1c #reconci,iamchefboss iamchefboss100 l1k3sby0rgan1c reconcilthrough
#ketoformandira#trending #mandirabedi #nutroactive Look what i found:smiling_face_with_heart-,
eyes::smiling_face_with_heart-eyes:Keto Atta...the healthy variation of Atta. It has no grains. It has,
"the goodness of peanut, coconut, flax seeds, sesame seeds, almond etc.. and very low carb, just",
perfect for a healthy diet. I made Rotis with this atta and guess what:smiling_face_with_heart-eyes::,
smiling_face_with_heart-eyes:These Rotis came out so delicious:face_savoring_food:So Guys add,
this @nutroactive Keto atta in your diet. #eathealthystayhealthy.Tag:- @nutroactiveHastags -,august0908tagg beautiful blogger delicious eathealthystayhealthy.tag:- fitnessmotivation
#ketoformandira#trending #mandirabedi #nutroactive #ketodiet #ketoatta #weightloss #yummy,followme happy instagood ketoatta ketodiet ketoformandira like4like love mandirabedi
#weightlossjourney #fitnessmotivation #marketingplugs #delicious #yum #love #instagood #blogger,marketingplugs nutroactive photooftheday tbt trending weightloss weightlossjourney yum
#photooftheday #beautiful #happy #tbt #like4like #followme#august0908tagg,yummy
Work has got your energy down? ChefBoss is here to help you get your energy levels up back in a,
jiffy at home! Enjoy delicious dishes in under 15 minutes explore a wide range of products from,
ChefBoss and use @chefbossindia products to retain the authentic taste of your favourite dishes :,
shallow_pan_of_food:Let your culinary skills be the talk of the town! 100 exciting prizes are up for,
"grabs and all you have to do it cook, click and tag usYou can now order ChefBoss range of cooking",
"sauces, pastes & gravies of your choice!Follow 3 simple steps to be a part of #IamChefBoss",
contestTake a picture/video of the dish along with ChefBoss PackPost it on your feed and tag,
@chefbossindia using contest hashtag #IamChefBoss100 Exciting prizes up for grabs for Best,
"Creative and Engaging dishOrder any ChefBoss product from Flipkart, Amazon, Grofers or Milkbasket",chefboss cookingathome cookingiseasy gobhimasala growwtuesdayy healthyfood
and Dont forget contest valid till 20th Sep only.........#gobhimasala #instantcooking #chefboss,homecooked iamchefboss iamchefboss100 instantcooking tasty iamchefboss
#cookingiseasy #cookingathome #tasty #healt,iamchefboss100
"Dress it up or down, but always keep your fashion game up with the Crocs Brooklyn Collection.",
@crocsindia #crocsindia #comeasyouare#devkiXcrocs #thesnazzydiva #crocsbrooklyn #crocs,
#footwearfashion,comeasyouare crocs crocsbrooklyn crocsindia devkixcrocs footwearfashion thesnazzydiva
Makeup removal made super Easy! With @mamaearth.in s Micellar Water Foaming Makeup,
Remover :purple_heart::tropical_drink:.No more long makeup removing processes! Remove makeup,
in just 1-2 minutes using just the product & Water:sunflower:.This Micellar Water Foam Face Wash,
has a tearless formula and it contains a soft brush which glides on the skin softly:sunflower:.It,
contains Glycolic Acid which works as a mild exfoliant & Rose Water which helps in gentle toning of,
skin:sunflower:.Im super impressed by its results! Watch the video to learn how to use this makeup,
remover/FaceWash:sunflower: @mamaearth.in ..#mamaearth #mamaearthskincare,
#mamaearthmicellarfacewash #micellarfacewash #mamaearthlovesyou #minutetocleanit,mamaearth mamaearthlovesyou mamaearthmicellar mamaearthmicellarfacewash
#mamaearthmicellar #micellarwater,mamaearthskincare micellarfacewash micellarwater minutetocleanit
One bag 5 different ways :cherry_blossom::cherry_blossom:....#bloggergirl #bloggersofinstagram,
#bloggerstribe #bohemianfashion #bohemianlook #hippieclothes #bohoclothes #boholook,agameoftones bloggergirl bloggersofinstagram bloggerstribe bohemianfashion
#boholovers #agameoftones #dscolor #stylepost #mylookoftheday #personalstyleblog #fashionfury,bohemianlook bohoclothes boholook boholovers dscolor fashionfury fashioninfluencers
#ootdinspo #fashioninspo #fashioninfluencers #fashionlooks #foodlover #onthetable #tastemade,fashioninspo fashionlooks foodlover hippieclothes liveauthentic makeupnews makeuptalk
#smartfoodchoices #liveauthentic #playbeautifully #talkthatmakeup #makeuptalk #makeupnews,manifesting manifestyourdreams mylookoftheday onthetable ootdinspo personalstyleblog
#manifesting #manifestyourdreams @maairafashionbags,playbeautifully smartfoodchoices stylepost talkthatmakeup tastemade
"Lunch with a perfect view.Mountains, River, Trees, and gracious hosts making it memorably",
memorable..PS : The only feedback I had to give for the hosts was not to serve the plastic water,
bottles going forward and instead keep one can of water...#Bhutan is simply Magical....,
#lifeoutsidecubicle #bornoninstagram #tripotocommumity #highonhimalayas #amazingbhutan,cntgiveitashot photo_pond highmountains yourshotphotographer himalayas bhutantourism
#insidebhutan #bhutan_ig #bhutantravel #bhutandiaries #bhutantourism #happinessisaplace,insidebhutan agameoftones gramslayers mountainsofinstagram bhutan_ig
#cntgiveitashot #natgeoyourshot #fatalframes #throwbackthursday #yourshotphotographer,bornoninstagram tripotocommumity lifeoutsidecubicle natgeoyourshot
#shotz_delight #gramslayers #agameoftones #highlandernetwork #indiantravelblogger,himalayangeographic bhutandiaries photographers_of_india fatalframes indiantravellers
#highmountains #indiantravellers #mypixeldiary #photographers_of_india #photo_pond #himalayas,highlandernetwork highonhimalayas mypixeldiary amazingbhutan throwbackthursday
#himalayangeographic #mountainsofinstagram ...,indiantravelblogger bhutantravel happinessisaplace shotz_delight bhutan
A View from the iconic Chittorgarh....#lifeoutsidecubicle #tripotocommumity #bornoninstagram,rajasthantourism photographers_of_india igramming_india indiangirlstravel _instaindia_
#_instaindia_ #incredibleindia #igramming_india #_coi #_soi #_woi #storiesofindia #indiantravellers,indiantravellers indianphotographyclub chittorgarh mypixeldiary rajasthantheheaven
#indiangirlstravel #shetravelsindia #rangeelorajasthan #rajasthan #rajasthandiaries #rajasthantourism,lonelyplanetindia incredibleindia storiesofindia _soi rajasthandiaries
#rajasthantrip #rajasthantravel #rajasthanblog #rajasthanclicks #rajasthantheheaven,discoverindiamagazine rangeelorajasthan photo_pond _woi indianphotographyhub
#photographers_of_india #mypixeldiary #indianphotographyhub #indianphotographyclub,rajasthanclicks _coi rajasthantrip rajasthanblog rajasthantravel shetravelsindia
#discoverindiamagazine #lonelyplanetindia #chittorgarh #photo_pond..,bornoninstagram tripotocommumity lifeoutsidecubicle rajasthan
"When you are exploring, you will bump into things that make you smile and things that inspire you out",
ta nowhere.This street art in a random corner while riding through the narrow lanes of Goa was one,
such thing. A beautiful painting of a smiling lady by @solomonsouza with the below lines next to it:,
Learn from the almond leafwhich flames as it falls.The ground is burning.The earth is burning.,
"Flamboyanceis all.After seeing this, I wanted to know more about the lady. A little google search led",
"me to Eunice Dsouza; a renowned poet, novelist, literary critic and former professor. She was the only",_coi indiadiaries indiantravelblogger wahhindia shetravelsindia bornoninstagram
Indian woman to be included in theOxford India Anthology of Twelve Modern Indian Poets(1992).She,tripotocommumity goatrip lifeoutsidecubicle photographers_of_india igramming_india
"foregrounds a womans sense of self-worth, saying she wants to live not by the sacrificial paradigm or",indiangirlstravel _instaindia_ indiantravellers indianphotographyclub goaexplore
rigid social conventions but by her own terms and conditions.This is evident from the lines:Some,mypixeldiary walkwithindia indiainframes lonelyplanetindia spicollective incredibleindia
"recommend stern standardsOthers say float along.He says, take it as it comes,meaning, of course, as",storiesofindia _soi wahhgoa solomonsouza india_undiscovered streetphotographyindia
he h,pickmygoapic goaindia indianphotographyhub
Just Kochi Things :red_heart:Every place has its own vibes and culture. The part of traveling I enjoy,
"the most is connecting with the heart and soul of a place. If you have been in and around Kochi, these",
are few things you wouldnt miss1. Coconut trees swaying along the streets & backwaters.2. Chilling in,
"a hammock under the coconut trees.3. Street Art, Leaf Art, Art Cafes and Colorful Art Art Art all",
around.4. Boats & Vibrant Sunsets.5. Chinese Fishing Nets.What is your favourite memory of,
Kochi?...#lifeoutsidecubicle #tripotocommumity #bornoninstagram #kochi #kochidiaries #kochigram,keralasnaps keralavibes spicollective storiesofindia _soi keralagram
#kochivibes #kerala #keralatravel #keralatourism #keralavibes #keralagram #keralagallery,streetphotographyindia kochivibes yourshot_india indianphotographyhub _coi
#keralasnaps #_coi #_soi #_woi #storiesofindia #southindia #igramming_india,keralagallery southindia kochigram yourshotphotographer lonelyplanetindia kerala
#discoverindiamagazine #lonelyplanetindia #yourshotphotographer #yourshot_india,keralatravel kochidiaries bornoninstagram tripotocommumity lifeoutsidecubicle
#photographers_of_india #mypixeldiary #spicollective #streetphotographyindia,discoverindiamagazine photographers_of_india igramming_india keralatourism kochi
#indianphotographyhub #indianphotographyclub...,indianphotographyclub _woi mypixeldiary
SunsetsBoatsLazy EveningsCatching Waves.Or Messi?.Messi right?......#lifeoutsidecubicle,
#tripotocommumity #_coi #_soi #_ipc #_visualsofindia #_woi #travellersofindia #keralavibes,kerala kochidiaries _soi _visualsofindia bornoninstagram tripotocommumity
#keralagram #keralagallery #keralatourism #keralasnaps #kochidiaries #kochigram #kerala #kochi,lifeoutsidecubicle discoverindiamagazine photographers_of_india keralatourism kochi
#photographers_of_india #mypixeldiary #agameoftones #gramslayers #shotzdelight,_woi shuttersofindia mypixeldiary cntgiveitashot keralasnaps keralavibes shotzdelight
#discoverindiamagazine #bornoninstagram #cntgiveitashot #yourshotphotographer #yourshot_india,shutterbugsindia keralagram travellersofindia _ipc yourshot_india agameoftones _coi
#clickshotindia #shutterbugsindia #shuttersofindia ...,gramslayers keralagallery kochigram clickshotindia yourshotphotographer
Happy 74th Independence Day :India:.Hold on the things you love & believe in the magic of life :,
red_heart:...#lifeoutsidecubicle #bornoninstagram #tripotocommumity #highonhimalayas,himalayangeographic bhutandiaries fatalframes highlandernetwork highonhimalayas
#amazingbhutan #insidebhutan #bhutan_ig #bhutantravel #bhutandiaries #bhutantourism,agameoftones amazingbhutan gramslayers bhutantravel happinessisaplace
#happinessisaplace #cntgiveitashot #natgeoyourshot #fatalframes #wingsoffreedom,wingsoffreedom shotz_delight yourshotphotographer bhutan august15
#yourshotphotographer #shotz_delight #gramslayers #agameoftones #highlandernetwork,happyindependenceday highmountains bornoninstagram tripotocommumity
#indiantravelblogger #highmountains #indiantravellers #mypixeldiary #photographers_of_india,lifeoutsidecubicle bhutantourism indiantravelblogger photographers_of_india insidebhutan
#photo_pond #happyindependenceday #himalayangeographic #august15 #bhutan ...,mypixeldiary cntgiveitashot bhutan_ig indiantravellers photo_pond natgeoyourshot
An ode to our Farmers and Harvest.Please appreciate the hard work and dedication of our farming,
community. Respect the fresh produce in the market. Do not haggle and bargain while buying,
vegetables and greens. Farmers do the hardest job on this planet and yet are underpaid and under,
appreciated. So please do not take them for granted..How can you help?.1. Try to buy directly from,
farmers or farmer markets as much as possible (Avoid Supermarkets).2. Eat Seasonal Produce,
(Avoid Frozen & Canned Foods)..3. Find opportunities to Volunteer and help in farms..4. If there are,lifeoutsidecubicle lonelyplanetindia indiantravelblogger photographers_of_india
"farmers around your place unaware of technology and best practices, help them with information and",walkwithindia _ipc incredibleindia mypixeldiary yourshot_india cntgiveitashot
awareness..5. Form a community in your neighbourhood and create a market for produce directly,nammakarnatakaphotographers karnataka _coi farmersofinstagram igramming_india
"bought from farmers. This avoids middlemen and monopolyand farmers get fair price...Do your bit,",indianphotography indianphotographyclub spicollective _soi storiesofindia narendramodi
"small or big, to help our farmers. Its needed, right now...#lifeoutsidecubicle#bornoninstagram",discoverindiamagazine yourshotphotographer indianphotographyhub indiapictures
#tripotocommumity #_coi #_soi #storiesof,southindia _instaindia_ bornoninstagram tripotocommumity
There is no one definition for How to Travel?.Some have limited time & go hop hop places..Some,
prefer slow travel & exploring a place with all its heart & soul..Some choose history & culture & some,
opt for parties & hustle bustle..Some disconnect from technology & the world to spend time with,
themselves in the middle of nature..Some prioritise volunteering and conservation..I choose different,
"things at different times and usually prefer homestays, spend time with locals, and bit of photography..",
"And this wonderful friend of mine @_.llb._ enjoys every second of his travel, observes everything",bhutantourism insidebhutan yourshotphotographer _.llb._ throwbackthursday bhutan_ig
"around, and makes sketches & notes..Travel is beyond beautiful and it presents us with unlimited",indiantravellers photo_pond bornoninstagram tripotocommumity natgeoyourshot
opportunities to become a better individual. :love_letter:..:question_mark: Whats your way of travel?...,himalayangeographic lifeoutsidecubicle bhutandiaries indiantravelblogger
#lifeoutsidecubicle #bornoninstagram #tripotocommumity #highonhimalayas #amazingbhutan,photographers_of_india fatalframes highlandernetwork highonhimalayas mypixeldiary
#insidebhutan #bhutan_ig #bhutantravel #bhutandiaries #bhutantourism #happinessisaplace,agameoftones amazingbhutan cntgiveitashot himalayas gramslayers bhutantravel
#cntgiveitashot #natgeoyou,happinessisaplace shotz_delight bhutan mountainsofinstagram highmountains
You find things of joy and beauty in the places you least expect. And this church in the middle of no,
where made me smile....#lifeoutsidecubicle #tripotocommumity #_coi #_soi #_woi #storiesofindia,mypixeldiary storiesofindia cntgiveitashot discoverindiamagazine bbc_travel shotonpoco
#lonelyplanetindia #yourshotphotographer #mypixeldiary #discoverindiamagazine #cntgiveitashot,indianphotographyhub indiapictures clickshotindia india_everyday lonelyplanetindia
#telltnlindia #bbc_travel #indianphotography #indiantravelblogger #indiantravellers #india_everyday,walkwithindia clickindiaclick yourshotphotographer _coi igramming_india
#indiapictures #indiaphotosociety #igramming_india #indianphotographyhub #indianphotographyclub,indianphotography indiantravellers indianphotographyclub telltnlindia _woi
#mypixeldiary #photographers_of_india #clickshotindia #clickindiaclick #walkwithindia,bornoninstagram tripotocommumity lifeoutsidecubicle indiantravelblogger
#shutterbugsindia #shotonpoco #bornoninstagram ....,photographers_of_india indiaphotosociety _soi shutterbugsindia
"Fan from the historical times, used by the Royals & Rich Merchants to beat the heat..Pic: From the",
Majestic Havelis of Shekhawati Region in Rajasthan. Look at those glorious paintings covering the,
walls! Pure Magic!!!.....#lifeoutsidecubicle #tripotocommumity #bornoninstagram #_instaindia_,rajasthanclicks rajasthantrip _coi igramming_india indiantravellers indianphotographyclub
#incredibleindia #igramming_india #_coi #_soi #_woi #storiesofindia #indiantravellers,rajasthanblog _woi bornoninstagram tripotocommumity lifeoutsidecubicle rajasthantravel
#indiangirlstravel #shetravelsindia #rangeelorajasthan #rajasthan #rajasthandiaries #rajasthantourism,photographers_of_india _instaindia_ _soi rajasthan mypixeldiary storiesofindia
#rajasthantrip #rajasthantravel #rajasthanblog #rajasthanclicks #rajasthantheheaven,rajasthantourism discoverindiamagazine incredibleindia indianphotographyhub
#photographers_of_india #mypixeldiary #indianphotographyhub #indianphotographyclub,rajasthantheheaven shetravelsindia photo_pond rajasthandiaries lonelyplanetindia
#discoverindiamagazine #lonelyplanetindia #discoverindiamagazine #photo_pond...,rangeelorajasthan indiangirlstravel
Pure AirClear WaterIncredible ArchitectureBreathtaking Scenery&Serene Nature#Bhutan is simply,
Magical....#lifeoutsidecubicle #bornoninstagram #tripotocommumity #highonhimalayas,agameoftones amazingbhutan himalayas gramslayers bhutantravel happinessisaplace
#amazingbhutan #insidebhutan #bhutan_ig #bhutantravel #bhutandiaries #bhutantourism,photo_pond shotz_delight bhutan mountainsofinstagram indiantravelblogger
#happinessisaplace #cntgiveitashot #natgeoyourshot #fatalframes #throwbackthursday,highmountains cntgiveitashot bhutantourism insidebhutan indiantravellers
#yourshotphotographer #shotz_delight #gramslayers #agameoftones #highlandernetwork,bornoninstagram tripotocommumity lifeoutsidecubicle throwbackthursday
#indiantravelblogger #highmountains #indiantravellers #mypixeldiary #photographers_of_india,photographers_of_india bhutan_ig natgeoyourshot himalayangeographic mypixeldiary
#photo_pond #himalayas #himalayangeographic #mountainsofinstagram ...,bhutandiaries fatalframes highlandernetwork yourshotphotographer highonhimalayas
"Hello People,",
Today I wanted to convey a message to everyone who are connected to me over social media -,
"WhatsApp, LinkedIn, Instagram, Facebook etc. LET OUR CONVERSATIONS BE MORE",
"MEANINGFUL and PLEASE CONVEY THE MESSAGE IN ONE GO If you start with ""hi, how r u?,",
"hello and go silent until I reply, I am sorry you havent grabbed my attention at all !!! Gone are those",
days where texting was the only thing I did on my mobile and every message beep made me brim,
with pride. Gone are those days also,smitha.sindagi
Youre the driver of your destiny,
"Passenger of none,",
In control and looking forward,
Of things that must be done,
"Hopes and dreams not yet reached,",
Motivation on display.,
"A journey full of ups and downs,",
Experience gained each day.,
Direction is always forward;,
Backwards remains the same.,
"Discover your authentic self,",
And have a willingness to change.,
Enhance each quality given.,
Develop talents you were blessed.,
"Transform your heart into one of gold,",
And believe in more than yourself.,himachaltourismofficial onehimachal natgeotravellerindia himachalgram beautifulhimachal
,devbhoomi_himachal himachali_insta_shoutout jannatehimachal lonelyplanetindia
For every,instahimachal
Youre the driver of your destiny,
"Passenger of none,",
In control and looking forward,
Of things that must be done,
"Hopes and dreams not yet reached,",
Motivation on display.,
"A journey full of ups and downs,",
Experience gained each day.,
Direction is always forward;,
Backwards remains the same.,
"Discover your authentic self,",
And have a willingness to change.,
Enhance each quality given.,
Develop talents you were blessed.,
"Transform your heart into one of gold,",
And believe in more than yourself.,
For every,
"""Her mind was like a balloon with static cling, attracting random ideas as they floated by",
"10 Seconds Long Exposure using @haidafilter Medium ND Filter (4 Stops) shot near Sojha, Himachal",
Pradesh.,
Calculate karo without 4-stop ND Filter kitni shutter speed aati?,
.,
.,
Gear: @canonindia_official,
5D Mark iii + 24-70mm f/2.8,
.,
.,
#haida #haidafilter #waterfall #longexposure #sojha #jibhi #himachal #himachaldiaries,
#himachalpradesh #himachalpictures #indiaclicks #indiapictures #instalike #photographersofindia,
#_soi #indiatimes #coi #picoftheday #dslrofficial #igs_asia #igs_world #creativem,haidafilter
Photowalk Group Photo,
@alka.0812 and I have been planning @flavorsofdelhi photowalks in Delhi for the past few years and,
we continue to do so with the main objective of sharing knowledge with each other. Happy to see so,
many new faces join the walks each time. NEXT PHOTOWALK KAHA KARI JAE?,
.,
.,
.,
.,
#flavorsofdelhi #photowalk #delhi,alka.0812
YAMUNA GHAT,
"Recently got to know a great news from the locals: ""To improve the water quality of Yamuna river, the",
Delhi Jal Board on Wednesday accorded approval for the construction of Indias largest sewage,
"treatment plant at Okhla"" - Source: weather.com",
.,
.,
"Hope this does start, and sometime soon.",
.,
.,
.,
Model: @gauravv.singhh,
Shot using @canonindia_official,
M50 .,
.,
.,
#yamunaghat #sodelhi #indiaclicks #indiapictures #instalike #photographersofindia #_soidelhi #_soi,
#indiatimes #coi #picoftheda,gauravv.singhh
DELHI is full of SURPRISES,
Shot using @xiaomiindia #redmik20 12mm UltraWide camera. .,
.,
PRO TIP: I m,xiaomiindia
Few months back I tried something different. Took the @sigmaphotoindia 60-600mm lens to Okhla,
Bird S,sigmaphotoindia
What is photography to you? COMMENT BELOW:slightly_smiling_face:Shall pin the best ones...I still,
"remember I used to shoot for hours without even realizing that I skipped a meal, abhi bhi hota hai:",
rolling_on_the_floor_laughing:..:camera: @rkp_india#thephotographyblogger #tpbchallenge,tpbchallenge thephotographyblogger rkp_india#thephotographyblogger
"Shot at 60 FPS, using @canonindia_official EOS R5 + RF 15-35mm f/2.8 and all thanks to @polarpro",
Variable ND filter which allowed me to maintain the 1/125 sec shutter speed at f/2.8 in broad day,canonindia polarpro canon tpbchallenge thephotographyblogger canonr5 polarpro
light...#thephotographyblogger #tpbchallenge #canon #canonindia #canonr5 #polarpro,canonindia_official
YAMUNAGuess the APERTURE VALUE used here?#thephotographyblogger #tpbchallenge #delhi,delhi tpbchallenge thephotographyblogger
"CYCLE, some of us are using it to get fit, while for many it is still the only means of transport...Shot on",
@canonindia_official EOS R5 + RF 70-200mm f/2.8...#thephotographyblogger #tpbchallenge #delhi,canonr5 streetphotography tpbchallenge canonindia_official thephotographyblogger
#streetphotography #streetphotographers #indiapictures #indiaclicks #canonindia #canonr5,indiaclicks canonindia indiapictures streetphotographers delhi
"Shot using Animal AF on the Canon EOS R5, and MAN this is one of the best advancements I have",
come across as a canon user for almost 9 years. Surely a blessing for wildlife photographers...Shot at,
f/2.8 using RF Canon 70-200 f/2.8 lens...#thephotographyblogger #tpbchallenge #canonindia,
#canonr5,canonr5 tpbchallenge thephotographyblogger canonindia
Masks aur cycles 2 aisi cheeze hai jo last kuch months mei sabse zada sell hui hongi:,
"rolling_on_the_floor_laughing:, I too ended up buying one few weeks back:",
smiling_face_with_sunglasses:..Shot this while testing the amazing combo of RF 70-200mm f/2.8 lens,
& Canon EOS R5...#thephotographyblogger #tpbchallenge #canonr5 #canonindia,tpbchallenge thephotographyblogger canonindia canonr5
"The moment I saw these stairs outside a metro station, I thought of creating something dramatic using",
"the leading lines here. .So waited and clicked for more than 10 minutes at the same point, because I",
was not getting anything interesting as such. So finally this man in formals passed my frame and I,
"was about to capture him in motion:slightly_smiling_face:...Btw, this is shot on a smartphone camera,",
ab kaunsa tha wo yaad nahi:rolling_on_the_floor_laughing:...#thephotographyblogger #tpbchallenge,delhi tpbchallenge thephotographyblogger mobilephotography streetphotography
#streetphotography #mobileclick #mobilephotography #delhi,mobileclick
Trying out the 5x zoom on Samsung Note 20 Ultra. Kaisa laga result?..#thephotographyblogger,thephotographyblogger mobilephotography samsungindia mobileclick samsungnote20ultra
#tpbchallenge #samsungnote20ultra @samsungindia #mobilephotography #mobileclick,tpbchallenge
Missing the magical sunrise view from Yamuna Ghat. Clicking photos at this location is simple yet,
"challenging at the same time. You see multiple activities happening simultaneously, and it is very",
tempting as a photography enthusiast to run here and there to capture the moments. Those of you,
who have been here can relate to what i just wrote:slightly_smiling_face:...Complete post processing,
done using instagram tools:smiling_face_with_sunglasses:...#thephotographyblogger #tpbchallenge,indiapictures yamunaghat tpbchallenge sunrise thephotographyblogger canon delhi
#yamunaghat #delhi #sunrise #indiaclicks #indiapictures #canon,indiaclicks
Drops and Shine! . ..IG:- @travelwithdanish #travelwithdanish..Shot on Pixel 3Xl#TeamPixel,
#focusontheweekend#googlecolors..Lens:- #rhinoshield...@instagram #nvedi #leaf#lonelyplanet,indianphotos tripotocommunity travelwithdanish travelwithdanish..shot natgeoyourshot
#indiapictures #earth #streetphotographyindia #i_hobbygraphy #coi #_soi #natgeoyourshot,travelrealindia teampixel maibhisadakchap leaf nature lpmi nvedi rhinoshield...@instagram
#spicollective #lpmi #travelrealindia #tripotocommunity #iiframe #CNTGiveItAShot #natgeoindia,spicollective i_hobbygraphy indiapictures nustaharamkhor natgeoindia lonelyplanet
#sidthewanderer #sodelhi #WhatKarlLoves #street_vision #nustaharamkhor #maibhisadakchap,streetphotographyindia iiframe _soi focusontheweekend cntgiveitashot sidthewanderer
#streetphotographyindia #indianphotos#nature,googlecolors..lens:- coi earth sodelhi whatkarlloves street_vision
"Sometimes you need to take a break from Everyone and Everything, Spend time alone, to",
"experience, appreciate, and love yourself.And @sohaima._.ali has gifted me this beautiful shirt for my",
"Goa Trip, but unfortunately I couldnt go there due to the fucking pandemic.So I wore it on my recent",
"trip to Bihar. Thank you is just a small word to appreciate what you have done for me, yet Id like to",
"thank you for everything youve done; for your care, unconditional support and forever love!...PC:-",
@beyousaif...IG:- @travelwithdanish #travelwithdanish...@instagram #bbcearth #nvedi,beyousaif...ig:- cntgiveitashot coi indianphotos tripotocommunity travelwithdanish holi
#thisweekoninstagram#holi #indiainframes #indianphotos #india #incrediableindia,sohaima._.ali foto4everofficial natgeoyourshot travelrealindia indiainframes mypixeldairy
#nustaharamkhor#lonelyplanet #streetphotographyindia #i_hobbygraphy #othallofframe #coi #_soi,lpmi nvedi travelwithdanish...@instagram othallofframe mypixeldiary i_hobbygraphy
#natgeoyourshot #lpmi #travelrealindia #tripotocommunity #mypixeldiary #mypixeldairy,indiapictures thisweekoninstagram nustaharamkhor bbcearth natgeoindia lonelyplanet
#foto4everofficial #CNTGiveItAShot #natgeoindia #indiapictures,streetphotographyindia incrediableindia _soi india
:see-no-evil_monkey::see-no-evil_monkey::red_heart::red_heart:...PC:- @bhupesh_pal ...IG:-,
@travelwithdanish #travelwithdanish...Shot on Pixel 3Xl@Google #TeamPixel #madebygoogle.,indiainframes mypixeldairy lpmi nvedi travelwithdanish...shot othallofframe mypixeldiary
@instagram #bbcearth #nvedi #thisweekoninstagram#holi #indiainframes #indianphotos #india,i_hobbygraphy indiapictures thisweekoninstagram nustaharamkhor bbcearth natgeoindia
#incrediableindia #nustaharamkhor#lonelyplanet #streetphotographyindia #i_hobbygraphy,lonelyplanet streetphotographyindia incrediableindia _soi india teampixel bhupesh_pal
#othallofframe #coi #_soi #natgeoyourshot #lpmi #travelrealindia #tripotocommunity #mypixeldiary,cntgiveitashot google coi madebygoogle.@instagram indianphotos tripotocommunity
#mypixeldairy #foto4everofficial #CNTGiveItAShot #natgeoindia #indiapictures,travelwithdanish holi foto4everofficial natgeoyourshot travelrealindia
Colours And Pride :white_flag::rainbow:.....IG:- @travelwithdanish #travelwithdanish...Shot on Pixel,google coi indianphotos tripotocommunity travelwithdanish holi foto4everofficial
3Xl@Google #TeamPixel #madebygoogle#prideforeveryone.@instagram #bbcearth #nvedi,madebygoogle natgeoyourshot travelrealindia indiainframes mypixeldairy lpmi nvedi
#thisweekoninstagram#holi #indiainframes #indianphotos #india #incrediableindia,travelwithdanish...shot othallofframe mypixeldiary i_hobbygraphy indiapictures
#nustaharamkhor#lonelyplanet #streetphotographyindia #i_hobbygraphy #othallofframe #coi #_soi,prideforeveryone.@instagram thisweekoninstagram nustaharamkhor bbcearth natgeoindia
#natgeoyourshot #lpmi #travelrealindia #tripotocommunity #mypixeldiary #mypixeldairy,lonelyplanet streetphotographyindia incrediableindia _soi india hellofrom teampixel
#foto4everofficial #CNTGiveItAShot #natgeoindia #indiapictures #hellofrom,cntgiveitashot
"Pushkar, Rajasthan ....@travelwithdanish #travelwithdanish...Shot on Canon 80D#capturedoncanon",
@canonindia_official ...@instagram #bbcearth #nvedi #thisweekoninstagram#indiainframes,thisweekoninstagram nustaharamkhor bbcearth natgeoindia canonindia_official
#indianphotos #india #incrediableindia #nustaharamkhor#lonelyplanet #streetphotographyindia,lonelyplanet streetphotographyindia incrediableindia _soi india capturedoncanon hellofrom
#i_hobbygraphy #coi #_soi #natgeoyourshot #lpmi #travelrealindia #tripotocommunity #mypixeldiary,cntgiveitashot coi maibhisadakchap ngtindia indianphotos tripotocommunity
#mypixeldairy #foto4everofficial #CNTGiveItAShot #natgeoindia #indiapictures #maibhisadakchap,travelwithdanish foto4everofficial natgeoyourshot travelrealindia indiainframes
#ngtindia #hellofrom,mypixeldairy lpmi nvedi travelwithdanish...shot mypixeldiary i_hobbygraphy indiapictures
"One who eradicates cruelty from within his own mind, He looks upon everyone in the world as his",
friend. (Sri Guru Granth Sahib Ji: Ang 266)......@travelwithdanish #travelwithdanish....#bbctravel,bwphotography travelwithdanish travelwithdanish bbctravel bnwmood foto4everofficial
#nvedi #bwphotography #yourshotphotographer#indiapictures #foto4everofficial #mypixeldairy,travelrealindia nvedi somewheremagazine mypixeldairy lpmi indianphotography
#indianphotography #photographers_of_india #storiesofindia #coloursofindia #i_hobbygraphy,bnw_greatshots storiesofindia passionpassport i_hobbygraphy indiapictures moodygrams
#othallofframe #indiapictures #moodygrams #lpmi #travelrealindia #zonestreet #_eoi,bbcearth natgeoindia _eoi yourshotphotographer beautifuldestinations zonestreet
#india_undiscovered #inspiroindia #beautifuldestinations #natgeoindia #passionpassport,photographers_of_india coloursofindia goldentemple india_undiscovered inspiroindia
#somewheremagazine#bnw_greatshots #bbcearth #bnwmood #goldentemple,othallofframe
"Muharram, 2019, New Delhi..#spi_silhouettes .....@travelwithdanish #travelwithdanish...#bbctravel",zonestreet photographers_of_india coloursofindia india_undiscovered inspiroindia
#nvedi #bwphotography #yourshotphotographer#indiapictures #foto4everofficial #mypixeldairy,othallofframe bwphotography travelwithdanish travelwithdanish bbctravel bnwmood
#indianphotography #photographers_of_india #storiesofindia #coloursofindia #i_hobbygraphy,foto4everofficial travelrealindia indianphotography nvedi somewheremagazine
#othallofframe #indiapictures #moodygrams #lpmi #travelrealindia #zonestreet #_eoi,mypixeldairy lpmi bnw_greatshots storiesofindia passionpassport i_hobbygraphy
#india_undiscovered #inspiroindia #beautifuldestinations #natgeoindia,indiapictures moodygrams bbcearth natgeoindia _eoi yourshotphotographer
#somewheremagazine#bnw_greatshots #bbcearth #bnwmood #passionpassport,spi_silhouettes beautifuldestinations
", 2019...IG:- @travelwithdanish #travelwithdanish...Shot on Pixel 3Xl@Google #TeamPixel",indianphotos tripotocommunity snapthat lpmi nvedi mypixeldairy focusontheweekend.
#SnapThat#focusontheweekend.@instagram #bbcearth #nvedi #thisweekoninstagram#holi,@instagram natgeoyourshot indiapictures i_hobbygraphy indiainframes bbcearth
#indiainframes #indianphotos #india #incrediableindia #nustaharamkhor#lonelyplanet,natgeoindia travelwithdanish...shot mypixeldiary teampixel google thisweekoninstagram
#streetphotographyindia #i_hobbygraphy #othallofframe #coi #_soi #natgeoyourshot #lpmi,nustaharamkhor lonelyplanet streetphotographyindia incrediableindia _soi india holi
#travelrealindia #tripotocommunity #mypixeldiary #mypixeldairy #foto4everofficial #CNTGiveItAShot,lpmiindianscenes othallofframe cntgiveitashot travelwithdanish coi foto4everofficial
#natgeoindia #indiapictures #lpmiindianscenes,travelrealindia
Peaceful & Solitude- The Golden Hour....@travelwithdanish #travelwithdanish...#bbctravel #nvedi,
#bwphotography #yourshotphotographer#indiapictures #foto4everofficial #mypixeldairy,indianphotography somewheremagazine bnw_greatshots lpmiindianscenes othallofframe
#indianphotography #photographers_of_india #storiesofindia #coloursofindia #i_hobbygraphy,storiesofindia passionpassport moodygrams travelwithdanish _eoi yourshotphotographer
#othallofframe #indiapictures #moodygrams #lpmi #travelrealindia #zonestreet #_eoi,foto4everofficial beautifuldestinations travelrealindia zonestreet photographers_of_india
#india_undiscovered #inspiroindia #beautifuldestinations #natgeoindia #passionpassport,lpmi nvedi coloursofindia mypixeldairy indiapictures i_hobbygraphy india_undiscovered
#somewheremagazine#bnw_greatshots #bbcearth #bnwmood #lpmiindianscenes,bbcearth natgeoindia inspiroindia bwphotography travelwithdanish bnwmood bbctravel
Welcome Ganesha :smiling_face_with_heart-eyes::red_heart:...@travelwithdanish,
#travelwithdanish...Shot on Canon 80d#capturedoncanon @canonindia_official ....#bbctravel #delhi,indiapictures ngtindia i_hobbygraphy india_undiscovered natgeoindia inspiroindia
#feelingthechange #yourshotphotographer#indiapictures #mypixeldairy #indianphotography,cntgiveitashot sodelhi feelingthechange bbctravel canonindia_official indianphotography
#photographers_of_india #storiesofindia #coloursofindia #i_hobbygraphy #othallofframe #_soidelhi,lpmiindianscenes othallofframe storiesofindia dfordelhi moodygrams travelwithdanish _eoi
#indiapictures #moodygrams #lpmi #travelrealindia #zonestreet #_eoi #india_undiscovered,travelwithdanish...shot delhi capturedoncanon yourshotphotographer _soidelhi
#inspiroindia #CNTGiveItAShot #natgeoindia #dfordelhi #sodelhi #delhiwale #ngtindia,travelrealindia zonestreet photographers_of_india lpmi coloursofindia mypixeldairy
#lpmiindianscenes,delhiwale
Happy World Photography Day :victory_hand::red_heart:..PC:- @photubaaz Bhai ...,
#travelwithdanish#bbctravel #delhi #india #nvedi #nustaharamkhor #maibhisadakchap #indiapictures,dfordelhi india moodygrams delhi travelrealindia photographers_of_india travelwithdanish
#foto4everofficial #mypixeldairy #indianphotography #photographers_of_india #storiesofindia,coi lpmi coloursofindia mypixeldairy delhiwale indiapictures i_hobbygraphy indianphotos
#coloursofindia #i_hobbygraphy #othallofframe #moodygrams #lpmi #travelrealindia #coi,tripotocommunity india_undiscovered natgeoindia photubaaz cntgiveitashot sodelhi
#_soi#tripotocommunity #india_undiscovered #CNTGiveItAShot #natgeoindia #dfordelhi #sodelhi,bbctravel foto4everofficial nustaharamkhor indianphotography nvedi maibhisadakchap
#delhiwale #indianphotos,othallofframe storiesofindia _soi
